date,origin,destination,mode,passengers,festival,weekend
2025-08-01,Kharagpur,Midnapore,Rail,12298,0,0
2025-08-01,Kharagpur,Midnapore,Bus,7867,0,0
2025-08-01,Midnapore,Uluberia,Rail,14453,0,0
2025-08-01,Midnapore,Uluberia,Bus,7688,0,0
2025-08-01,Uluberia,Howrah,Rail,12848,0,0
2025-08-01,Uluberia,Howrah,Bus,7775,0,0
2025-08-01,Howrah,Kolkata,Rail,16184,0,0
2025-08-01,Howrah,Kolkata,Bus,7099,0,0
2025-08-02,Kharagpur,Midnapore,Rail,21093,1,1
2025-08-02,Kharagpur,Midnapore,Bus,15338,1,1
2025-08-02,Midnapore,Uluberia,Rail,24616,1,1
2025-08-02,Midnapore,Uluberia,Bus,11046,1,1
2025-08-02,Uluberia,Howrah,Rail,23683,1,1
2025-08-02,Uluberia,Howrah,Bus,11094,1,1
2025-08-02,Howrah,Kolkata,Rail,24671,1,1
2025-08-02,Howrah,Kolkata,Bus,10911,1,1
2025-08-03,Kharagpur,Midnapore,Rail,9683,0,1
2025-08-03,Kharagpur,Midnapore,Bus,7056,0,1
2025-08-03,Midnapore,Uluberia,Rail,11360,0,1
2025-08-03,Midnapore,Uluberia,Bus,4589,0,1
2025-08-03,Uluberia,Howrah,Rail,11860,0,1
2025-08-03,Uluberia,Howrah,Bus,6616,0,1
2025-08-03,Howrah,Kolkata,Rail,12793,0,1
2025-08-03,Howrah,Kolkata,Bus,4580,0,1
2025-08-04,Kharagpur,Midnapore,Rail,11673,0,0
2025-08-04,Kharagpur,Midnapore,Bus,8106,0,0
2025-08-04,Midnapore,Uluberia,Rail,13194,0,0
2025-08-04,Midnapore,Uluberia,Bus,6793,0,0
2025-08-04,Uluberia,Howrah,Rail,12610,0,0
2025-08-04,Uluberia,Howrah,Bus,7720,0,0
2025-08-04,Howrah,Kolkata,Rail,14549,0,0
2025-08-04,Howrah,Kolkata,Bus,7945,0,0
2025-08-05,Kharagpur,Midnapore,Rail,11992,0,0
2025-08-05,Kharagpur,Midnapore,Bus,6985,0,0
2025-08-05,Midnapore,Uluberia,Rail,14576,0,0
2025-08-05,Midnapore,Uluberia,Bus,5548,0,0
2025-08-05,Uluberia,Howrah,Rail,13136,0,0
2025-08-05,Uluberia,Howrah,Bus,6119,0,0
2025-08-05,Howrah,Kolkata,Rail,14004,0,0
2025-08-05,Howrah,Kolkata,Bus,6654,0,0
2025-08-06,Kharagpur,Midnapore,Rail,12443,0,0
2025-08-06,Kharagpur,Midnapore,Bus,8165,0,0
2025-08-06,Midnapore,Uluberia,Rail,13919,0,0
2025-08-06,Midnapore,Uluberia,Bus,6265,0,0
2025-08-06,Uluberia,Howrah,Rail,12039,0,0
2025-08-06,Uluberia,Howrah,Bus,7309,0,0
2025-08-06,Howrah,Kolkata,Rail,14655,0,0
2025-08-06,Howrah,Kolkata,Bus,7325,0,0
2025-08-07,Kharagpur,Midnapore,Rail,12206,0,0
2025-08-07,Kharagpur,Midnapore,Bus,6307,0,0
2025-08-07,Midnapore,Uluberia,Rail,14227,0,0
2025-08-07,Midnapore,Uluberia,Bus,6200,0,0
2025-08-07,Uluberia,Howrah,Rail,12560,0,0
2025-08-07,Uluberia,Howrah,Bus,8587,0,0
2025-08-07,Howrah,Kolkata,Rail,15773,0,0
2025-08-07,Howrah,Kolkata,Bus,7226,0,0
2025-08-08,Kharagpur,Midnapore,Rail,11496,0,0
2025-08-08,Kharagpur,Midnapore,Bus,7703,0,0
2025-08-08,Midnapore,Uluberia,Rail,14232,0,0
2025-08-08,Midnapore,Uluberia,Bus,7261,0,0
2025-08-08,Uluberia,Howrah,Rail,12689,0,0
2025-08-08,Uluberia,Howrah,Bus,7822,0,0
2025-08-08,Howrah,Kolkata,Rail,14170,0,0
2025-08-08,Howrah,Kolkata,Bus,5567,0,0
2025-08-09,Kharagpur,Midnapore,Rail,10614,0,1
2025-08-09,Kharagpur,Midnapore,Bus,7907,0,1
2025-08-09,Midnapore,Uluberia,Rail,11857,0,1
2025-08-09,Midnapore,Uluberia,Bus,6190,0,1
2025-08-09,Uluberia,Howrah,Rail,11250,0,1
2025-08-09,Uluberia,Howrah,Bus,6274,0,1
2025-08-09,Howrah,Kolkata,Rail,12980,0,1
2025-08-09,Howrah,Kolkata,Bus,6545,0,1
2025-08-10,Kharagpur,Midnapore,Rail,10182,0,1
2025-08-10,Kharagpur,Midnapore,Bus,8077,0,1
2025-08-10,Midnapore,Uluberia,Rail,10341,0,1
2025-08-10,Midnapore,Uluberia,Bus,6070,0,1
2025-08-10,Uluberia,Howrah,Rail,11098,0,1
2025-08-10,Uluberia,Howrah,Bus,6556,0,1
2025-08-10,Howrah,Kolkata,Rail,12808,0,1
2025-08-10,Howrah,Kolkata,Bus,4207,0,1
2025-08-11,Kharagpur,Midnapore,Rail,11868,0,0
2025-08-11,Kharagpur,Midnapore,Bus,8343,0,0
2025-08-11,Midnapore,Uluberia,Rail,15035,0,0
2025-08-11,Midnapore,Uluberia,Bus,6096,0,0
2025-08-11,Uluberia,Howrah,Rail,12474,0,0
2025-08-11,Uluberia,Howrah,Bus,7518,0,0
2025-08-11,Howrah,Kolkata,Rail,15687,0,0
2025-08-11,Howrah,Kolkata,Bus,6756,0,0
2025-08-12,Kharagpur,Midnapore,Rail,11682,0,0
2025-08-12,Kharagpur,Midnapore,Bus,8493,0,0
2025-08-12,Midnapore,Uluberia,Rail,14068,0,0
2025-08-12,Midnapore,Uluberia,Bus,7256,0,0
2025-08-12,Uluberia,Howrah,Rail,12544,0,0
2025-08-12,Uluberia,Howrah,Bus,7685,0,0
2025-08-12,Howrah,Kolkata,Rail,14706,0,0
2025-08-12,Howrah,Kolkata,Bus,5358,0,0
2025-08-13,Kharagpur,Midnapore,Rail,12178,0,0
2025-08-13,Kharagpur,Midnapore,Bus,8251,0,0
2025-08-13,Midnapore,Uluberia,Rail,14004,0,0
2025-08-13,Midnapore,Uluberia,Bus,6317,0,0
2025-08-13,Uluberia,Howrah,Rail,12080,0,0
2025-08-13,Uluberia,Howrah,Bus,7596,0,0
2025-08-13,Howrah,Kolkata,Rail,14743,0,0
2025-08-13,Howrah,Kolkata,Bus,5874,0,0
2025-08-14,Kharagpur,Midnapore,Rail,11903,0,0
2025-08-14,Kharagpur,Midnapore,Bus,8388,0,0
2025-08-14,Midnapore,Uluberia,Rail,15320,0,0
2025-08-14,Midnapore,Uluberia,Bus,6636,0,0
2025-08-14,Uluberia,Howrah,Rail,13167,0,0
2025-08-14,Uluberia,Howrah,Bus,7929,0,0
2025-08-14,Howrah,Kolkata,Rail,13561,0,0
2025-08-14,Howrah,Kolkata,Bus,6479,0,0
2025-08-15,Kharagpur,Midnapore,Rail,21665,1,0
2025-08-15,Kharagpur,Midnapore,Bus,18656,1,0
2025-08-15,Midnapore,Uluberia,Rail,24958,1,0
2025-08-15,Midnapore,Uluberia,Bus,12123,1,0
2025-08-15,Uluberia,Howrah,Rail,23359,1,0
2025-08-15,Uluberia,Howrah,Bus,12381,1,0
2025-08-15,Howrah,Kolkata,Rail,28543,1,0
2025-08-15,Howrah,Kolkata,Bus,12756,1,0
2025-08-16,Kharagpur,Midnapore,Rail,10603,0,1
2025-08-16,Kharagpur,Midnapore,Bus,6058,0,1
2025-08-16,Midnapore,Uluberia,Rail,12735,0,1
2025-08-16,Midnapore,Uluberia,Bus,4596,0,1
2025-08-16,Uluberia,Howrah,Rail,11374,0,1
2025-08-16,Uluberia,Howrah,Bus,8587,0,1
2025-08-16,Howrah,Kolkata,Rail,12119,0,1
2025-08-16,Howrah,Kolkata,Bus,5150,0,1
2025-08-17,Kharagpur,Midnapore,Rail,10251,0,1
2025-08-17,Kharagpur,Midnapore,Bus,6389,0,1
2025-08-17,Midnapore,Uluberia,Rail,10977,0,1
2025-08-17,Midnapore,Uluberia,Bus,5570,0,1
2025-08-17,Uluberia,Howrah,Rail,10463,0,1
2025-08-17,Uluberia,Howrah,Bus,7186,0,1
2025-08-17,Howrah,Kolkata,Rail,12164,0,1
2025-08-17,Howrah,Kolkata,Bus,6553,0,1
2025-08-18,Kharagpur,Midnapore,Rail,11530,0,0
2025-08-18,Kharagpur,Midnapore,Bus,7691,0,0
2025-08-18,Midnapore,Uluberia,Rail,14569,0,0
2025-08-18,Midnapore,Uluberia,Bus,5540,0,0
2025-08-18,Uluberia,Howrah,Rail,13148,0,0
2025-08-18,Uluberia,Howrah,Bus,9255,0,0
2025-08-18,Howrah,Kolkata,Rail,13794,0,0
2025-08-18,Howrah,Kolkata,Bus,6644,0,0
2025-08-19,Kharagpur,Midnapore,Rail,12156,0,0
2025-08-19,Kharagpur,Midnapore,Bus,8751,0,0
2025-08-19,Midnapore,Uluberia,Rail,13134,0,0
2025-08-19,Midnapore,Uluberia,Bus,5470,0,0
2025-08-19,Uluberia,Howrah,Rail,13339,0,0
2025-08-19,Uluberia,Howrah,Bus,8285,0,0
2025-08-19,Howrah,Kolkata,Rail,15188,0,0
2025-08-19,Howrah,Kolkata,Bus,6770,0,0
2025-08-20,Kharagpur,Midnapore,Rail,11592,0,0
2025-08-20,Kharagpur,Midnapore,Bus,8223,0,0
2025-08-20,Midnapore,Uluberia,Rail,14205,0,0
2025-08-20,Midnapore,Uluberia,Bus,5943,0,0
2025-08-20,Uluberia,Howrah,Rail,14213,0,0
2025-08-20,Uluberia,Howrah,Bus,8455,0,0
2025-08-20,Howrah,Kolkata,Rail,14107,0,0
2025-08-20,Howrah,Kolkata,Bus,7012,0,0
2025-08-21,Kharagpur,Midnapore,Rail,11415,0,0
2025-08-21,Kharagpur,Midnapore,Bus,8756,0,0
2025-08-21,Midnapore,Uluberia,Rail,14811,0,0
2025-08-21,Midnapore,Uluberia,Bus,5860,0,0
2025-08-21,Uluberia,Howrah,Rail,13626,0,0
2025-08-21,Uluberia,Howrah,Bus,8396,0,0
2025-08-21,Howrah,Kolkata,Rail,15617,0,0
2025-08-21,Howrah,Kolkata,Bus,7979,0,0
2025-08-22,Kharagpur,Midnapore,Rail,11853,0,0
2025-08-22,Kharagpur,Midnapore,Bus,7276,0,0
2025-08-22,Midnapore,Uluberia,Rail,13377,0,0
2025-08-22,Midnapore,Uluberia,Bus,5864,0,0
2025-08-22,Uluberia,Howrah,Rail,12950,0,0
2025-08-22,Uluberia,Howrah,Bus,8328,0,0
2025-08-22,Howrah,Kolkata,Rail,15208,0,0
2025-08-22,Howrah,Kolkata,Bus,7145,0,0
2025-08-23,Kharagpur,Midnapore,Rail,10207,0,1
2025-08-23,Kharagpur,Midnapore,Bus,7986,0,1
2025-08-23,Midnapore,Uluberia,Rail,11743,0,1
2025-08-23,Midnapore,Uluberia,Bus,7328,0,1
2025-08-23,Uluberia,Howrah,Rail,11396,0,1
2025-08-23,Uluberia,Howrah,Bus,6101,0,1
2025-08-23,Howrah,Kolkata,Rail,12067,0,1
2025-08-23,Howrah,Kolkata,Bus,5845,0,1
2025-08-24,Kharagpur,Midnapore,Rail,10086,0,1
2025-08-24,Kharagpur,Midnapore,Bus,7383,0,1
2025-08-24,Midnapore,Uluberia,Rail,12182,0,1
2025-08-24,Midnapore,Uluberia,Bus,5477,0,1
2025-08-24,Uluberia,Howrah,Rail,10582,0,1
2025-08-24,Uluberia,Howrah,Bus,5564,0,1
2025-08-24,Howrah,Kolkata,Rail,12465,0,1
2025-08-24,Howrah,Kolkata,Bus,6093,0,1
2025-08-25,Kharagpur,Midnapore,Rail,12128,0,0
2025-08-25,Kharagpur,Midnapore,Bus,6804,0,0
2025-08-25,Midnapore,Uluberia,Rail,14121,0,0
2025-08-25,Midnapore,Uluberia,Bus,6801,0,0
2025-08-25,Uluberia,Howrah,Rail,12425,0,0
2025-08-25,Uluberia,Howrah,Bus,8148,0,0
2025-08-25,Howrah,Kolkata,Rail,15044,0,0
2025-08-25,Howrah,Kolkata,Bus,5608,0,0
2025-08-26,Kharagpur,Midnapore,Rail,12215,0,0
2025-08-26,Kharagpur,Midnapore,Bus,8538,0,0
2025-08-26,Midnapore,Uluberia,Rail,14758,0,0
2025-08-26,Midnapore,Uluberia,Bus,7322,0,0
2025-08-26,Uluberia,Howrah,Rail,12105,0,0
2025-08-26,Uluberia,Howrah,Bus,7100,0,0
2025-08-26,Howrah,Kolkata,Rail,15386,0,0
2025-08-26,Howrah,Kolkata,Bus,6901,0,0
2025-08-27,Kharagpur,Midnapore,Rail,12309,0,0
2025-08-27,Kharagpur,Midnapore,Bus,11699,0,0
2025-08-27,Midnapore,Uluberia,Rail,14400,0,0
2025-08-27,Midnapore,Uluberia,Bus,7386,0,0
2025-08-27,Uluberia,Howrah,Rail,13620,0,0
2025-08-27,Uluberia,Howrah,Bus,8625,0,0
2025-08-27,Howrah,Kolkata,Rail,14764,0,0
2025-08-27,Howrah,Kolkata,Bus,7092,0,0
2025-08-28,Kharagpur,Midnapore,Rail,11536,0,0
2025-08-28,Kharagpur,Midnapore,Bus,7773,0,0
2025-08-28,Midnapore,Uluberia,Rail,13660,0,0
2025-08-28,Midnapore,Uluberia,Bus,6564,0,0
2025-08-28,Uluberia,Howrah,Rail,14505,0,0
2025-08-28,Uluberia,Howrah,Bus,6207,0,0
2025-08-28,Howrah,Kolkata,Rail,15515,0,0
2025-08-28,Howrah,Kolkata,Bus,5242,0,0
2025-08-29,Kharagpur,Midnapore,Rail,11717,0,0
2025-08-29,Kharagpur,Midnapore,Bus,9045,0,0
2025-08-29,Midnapore,Uluberia,Rail,14045,0,0
2025-08-29,Midnapore,Uluberia,Bus,5659,0,0
2025-08-29,Uluberia,Howrah,Rail,12535,0,0
2025-08-29,Uluberia,Howrah,Bus,8652,0,0
2025-08-29,Howrah,Kolkata,Rail,14452,0,0
2025-08-29,Howrah,Kolkata,Bus,6669,0,0
2025-08-30,Kharagpur,Midnapore,Rail,10223,0,1
2025-08-30,Kharagpur,Midnapore,Bus,6268,0,1
2025-08-30,Midnapore,Uluberia,Rail,13176,0,1
2025-08-30,Midnapore,Uluberia,Bus,5945,0,1
2025-08-30,Uluberia,Howrah,Rail,9931,0,1
2025-08-30,Uluberia,Howrah,Bus,6952,0,1
2025-08-30,Howrah,Kolkata,Rail,12328,0,1
2025-08-30,Howrah,Kolkata,Bus,6090,0,1
2025-08-31,Kharagpur,Midnapore,Rail,9796,0,1
2025-08-31,Kharagpur,Midnapore,Bus,6706,0,1
2025-08-31,Midnapore,Uluberia,Rail,12200,0,1
2025-08-31,Midnapore,Uluberia,Bus,6099,0,1
2025-08-31,Uluberia,Howrah,Rail,10387,0,1
2025-08-31,Uluberia,Howrah,Bus,6527,0,1
2025-08-31,Howrah,Kolkata,Rail,12447,0,1
2025-08-31,Howrah,Kolkata,Bus,5092,0,1
2025-09-01,Kharagpur,Midnapore,Rail,13059,0,0
2025-09-01,Kharagpur,Midnapore,Bus,8389,0,0
2025-09-01,Midnapore,Uluberia,Rail,13117,0,0
2025-09-01,Midnapore,Uluberia,Bus,7216,0,0
2025-09-01,Uluberia,Howrah,Rail,14379,0,0
2025-09-01,Uluberia,Howrah,Bus,8991,0,0
2025-09-01,Howrah,Kolkata,Rail,13860,0,0
2025-09-01,Howrah,Kolkata,Bus,6122,0,0
2025-09-02,Kharagpur,Midnapore,Rail,12760,0,0
2025-09-02,Kharagpur,Midnapore,Bus,7321,0,0
2025-09-02,Midnapore,Uluberia,Rail,14311,0,0
2025-09-02,Midnapore,Uluberia,Bus,7104,0,0
2025-09-02,Uluberia,Howrah,Rail,12397,0,0
2025-09-02,Uluberia,Howrah,Bus,7943,0,0
2025-09-02,Howrah,Kolkata,Rail,12569,0,0
2025-09-02,Howrah,Kolkata,Bus,5701,0,0
2025-09-03,Kharagpur,Midnapore,Rail,11848,0,0
2025-09-03,Kharagpur,Midnapore,Bus,6802,0,0
2025-09-03,Midnapore,Uluberia,Rail,15143,0,0
2025-09-03,Midnapore,Uluberia,Bus,5384,0,0
2025-09-03,Uluberia,Howrah,Rail,12714,0,0
2025-09-03,Uluberia,Howrah,Bus,8126,0,0
2025-09-03,Howrah,Kolkata,Rail,16081,0,0
2025-09-03,Howrah,Kolkata,Bus,5380,0,0
2025-09-04,Kharagpur,Midnapore,Rail,12698,0,0
2025-09-04,Kharagpur,Midnapore,Bus,8010,0,0
2025-09-04,Midnapore,Uluberia,Rail,13313,0,0
2025-09-04,Midnapore,Uluberia,Bus,6860,0,0
2025-09-04,Uluberia,Howrah,Rail,13129,0,0
2025-09-04,Uluberia,Howrah,Bus,7424,0,0
2025-09-04,Howrah,Kolkata,Rail,15052,0,0
2025-09-04,Howrah,Kolkata,Bus,6199,0,0
2025-09-05,Kharagpur,Midnapore,Rail,21723,1,0
2025-09-05,Kharagpur,Midnapore,Bus,15544,1,0
2025-09-05,Midnapore,Uluberia,Rail,27198,1,0
2025-09-05,Midnapore,Uluberia,Bus,9962,1,0
2025-09-05,Uluberia,Howrah,Rail,25896,1,0
2025-09-05,Uluberia,Howrah,Bus,11027,1,0
2025-09-05,Howrah,Kolkata,Rail,26795,1,0
2025-09-05,Howrah,Kolkata,Bus,12526,1,0
2025-09-06,Kharagpur,Midnapore,Rail,10343,0,1
2025-09-06,Kharagpur,Midnapore,Bus,6292,0,1
2025-09-06,Midnapore,Uluberia,Rail,11776,0,1
2025-09-06,Midnapore,Uluberia,Bus,5198,0,1
2025-09-06,Uluberia,Howrah,Rail,10724,0,1
2025-09-06,Uluberia,Howrah,Bus,7493,0,1
2025-09-06,Howrah,Kolkata,Rail,12978,0,1
2025-09-06,Howrah,Kolkata,Bus,5066,0,1
2025-09-07,Kharagpur,Midnapore,Rail,10659,0,1
2025-09-07,Kharagpur,Midnapore,Bus,7051,0,1
2025-09-07,Midnapore,Uluberia,Rail,12384,0,1
2025-09-07,Midnapore,Uluberia,Bus,5942,0,1
2025-09-07,Uluberia,Howrah,Rail,10592,0,1
2025-09-07,Uluberia,Howrah,Bus,6343,0,1
2025-09-07,Howrah,Kolkata,Rail,13226,0,1
2025-09-07,Howrah,Kolkata,Bus,5930,0,1
2025-09-08,Kharagpur,Midnapore,Rail,11987,0,0
2025-09-08,Kharagpur,Midnapore,Bus,8113,0,0
2025-09-08,Midnapore,Uluberia,Rail,14894,0,0
2025-09-08,Midnapore,Uluberia,Bus,6039,0,0
2025-09-08,Uluberia,Howrah,Rail,13356,0,0
2025-09-08,Uluberia,Howrah,Bus,7806,0,0
2025-09-08,Howrah,Kolkata,Rail,14837,0,0
2025-09-08,Howrah,Kolkata,Bus,7357,0,0
2025-09-09,Kharagpur,Midnapore,Rail,12495,0,0
2025-09-09,Kharagpur,Midnapore,Bus,8781,0,0
2025-09-09,Midnapore,Uluberia,Rail,14914,0,0
2025-09-09,Midnapore,Uluberia,Bus,6516,0,0
2025-09-09,Uluberia,Howrah,Rail,13443,0,0
2025-09-09,Uluberia,Howrah,Bus,7702,0,0
2025-09-09,Howrah,Kolkata,Rail,15243,0,0
2025-09-09,Howrah,Kolkata,Bus,6398,0,0
2025-09-10,Kharagpur,Midnapore,Rail,12058,0,0
2025-09-10,Kharagpur,Midnapore,Bus,8571,0,0
2025-09-10,Midnapore,Uluberia,Rail,13427,0,0
2025-09-10,Midnapore,Uluberia,Bus,8132,0,0
2025-09-10,Uluberia,Howrah,Rail,12346,0,0
2025-09-10,Uluberia,Howrah,Bus,6834,0,0
2025-09-10,Howrah,Kolkata,Rail,15869,0,0
2025-09-10,Howrah,Kolkata,Bus,7117,0,0
2025-09-11,Kharagpur,Midnapore,Rail,12374,0,0
2025-09-11,Kharagpur,Midnapore,Bus,8603,0,0
2025-09-11,Midnapore,Uluberia,Rail,13991,0,0
2025-09-11,Midnapore,Uluberia,Bus,5800,0,0
2025-09-11,Uluberia,Howrah,Rail,13049,0,0
2025-09-11,Uluberia,Howrah,Bus,7350,0,0
2025-09-11,Howrah,Kolkata,Rail,15731,0,0
2025-09-11,Howrah,Kolkata,Bus,6385,0,0
2025-09-12,Kharagpur,Midnapore,Rail,11505,0,0
2025-09-12,Kharagpur,Midnapore,Bus,7691,0,0
2025-09-12,Midnapore,Uluberia,Rail,14289,0,0
2025-09-12,Midnapore,Uluberia,Bus,6060,0,0
2025-09-12,Uluberia,Howrah,Rail,12466,0,0
2025-09-12,Uluberia,Howrah,Bus,8234,0,0
2025-09-12,Howrah,Kolkata,Rail,15184,0,0
2025-09-12,Howrah,Kolkata,Bus,6105,0,0
2025-09-13,Kharagpur,Midnapore,Rail,9960,0,1
2025-09-13,Kharagpur,Midnapore,Bus,6989,0,1
2025-09-13,Midnapore,Uluberia,Rail,11038,0,1
2025-09-13,Midnapore,Uluberia,Bus,4592,0,1
2025-09-13,Uluberia,Howrah,Rail,10653,0,1
2025-09-13,Uluberia,Howrah,Bus,6626,0,1
2025-09-13,Howrah,Kolkata,Rail,12948,0,1
2025-09-13,Howrah,Kolkata,Bus,6503,0,1
2025-09-14,Kharagpur,Midnapore,Rail,10637,0,1
2025-09-14,Kharagpur,Midnapore,Bus,6669,0,1
2025-09-14,Midnapore,Uluberia,Rail,11889,0,1
2025-09-14,Midnapore,Uluberia,Bus,4860,0,1
2025-09-14,Uluberia,Howrah,Rail,11040,0,1
2025-09-14,Uluberia,Howrah,Bus,6564,0,1
2025-09-14,Howrah,Kolkata,Rail,12956,0,1
2025-09-14,Howrah,Kolkata,Bus,4977,0,1
2025-09-15,Kharagpur,Midnapore,Rail,22161,1,0
2025-09-15,Kharagpur,Midnapore,Bus,17049,1,0
2025-09-15,Midnapore,Uluberia,Rail,25063,1,0
2025-09-15,Midnapore,Uluberia,Bus,12264,1,0
2025-09-15,Uluberia,Howrah,Rail,24207,1,0
2025-09-15,Uluberia,Howrah,Bus,13707,1,0
2025-09-15,Howrah,Kolkata,Rail,27303,1,0
2025-09-15,Howrah,Kolkata,Bus,11718,1,0
2025-09-16,Kharagpur,Midnapore,Rail,12059,0,0
2025-09-16,Kharagpur,Midnapore,Bus,7258,0,0
2025-09-16,Midnapore,Uluberia,Rail,14017,0,0
2025-09-16,Midnapore,Uluberia,Bus,6888,0,0
2025-09-16,Uluberia,Howrah,Rail,13943,0,0
2025-09-16,Uluberia,Howrah,Bus,8921,0,0
2025-09-16,Howrah,Kolkata,Rail,16615,0,0
2025-09-16,Howrah,Kolkata,Bus,5901,0,0
2025-09-17,Kharagpur,Midnapore,Rail,12523,0,0
2025-09-17,Kharagpur,Midnapore,Bus,8176,0,0
2025-09-17,Midnapore,Uluberia,Rail,15533,0,0
2025-09-17,Midnapore,Uluberia,Bus,5870,0,0
2025-09-17,Uluberia,Howrah,Rail,12454,0,0
2025-09-17,Uluberia,Howrah,Bus,7425,0,0
2025-09-17,Howrah,Kolkata,Rail,13407,0,0
2025-09-17,Howrah,Kolkata,Bus,6090,0,0
2025-09-18,Kharagpur,Midnapore,Rail,11545,0,0
2025-09-18,Kharagpur,Midnapore,Bus,8144,0,0
2025-09-18,Midnapore,Uluberia,Rail,14239,0,0
2025-09-18,Midnapore,Uluberia,Bus,7963,0,0
2025-09-18,Uluberia,Howrah,Rail,13618,0,0
2025-09-18,Uluberia,Howrah,Bus,7446,0,0
2025-09-18,Howrah,Kolkata,Rail,14326,0,0
2025-09-18,Howrah,Kolkata,Bus,6884,0,0
2025-09-19,Kharagpur,Midnapore,Rail,11208,0,0
2025-09-19,Kharagpur,Midnapore,Bus,9758,0,0
2025-09-19,Midnapore,Uluberia,Rail,14826,0,0
2025-09-19,Midnapore,Uluberia,Bus,6134,0,0
2025-09-19,Uluberia,Howrah,Rail,11886,0,0
2025-09-19,Uluberia,Howrah,Bus,9300,0,0
2025-09-19,Howrah,Kolkata,Rail,14914,0,0
2025-09-19,Howrah,Kolkata,Bus,7465,0,0
2025-09-20,Kharagpur,Midnapore,Rail,9387,0,1
2025-09-20,Kharagpur,Midnapore,Bus,6311,0,1
2025-09-20,Midnapore,Uluberia,Rail,11903,0,1
2025-09-20,Midnapore,Uluberia,Bus,5556,0,1
2025-09-20,Uluberia,Howrah,Rail,10801,0,1
2025-09-20,Uluberia,Howrah,Bus,7308,0,1
2025-09-20,Howrah,Kolkata,Rail,12069,0,1
2025-09-20,Howrah,Kolkata,Bus,5431,0,1
2025-09-21,Kharagpur,Midnapore,Rail,10261,0,1
2025-09-21,Kharagpur,Midnapore,Bus,7220,0,1
2025-09-21,Midnapore,Uluberia,Rail,12323,0,1
2025-09-21,Midnapore,Uluberia,Bus,4779,0,1
2025-09-21,Uluberia,Howrah,Rail,10202,0,1
2025-09-21,Uluberia,Howrah,Bus,7843,0,1
2025-09-21,Howrah,Kolkata,Rail,12962,0,1
2025-09-21,Howrah,Kolkata,Bus,5029,0,1
2025-09-22,Kharagpur,Midnapore,Rail,12931,0,0
2025-09-22,Kharagpur,Midnapore,Bus,8111,0,0
2025-09-22,Midnapore,Uluberia,Rail,14826,0,0
2025-09-22,Midnapore,Uluberia,Bus,6553,0,0
2025-09-22,Uluberia,Howrah,Rail,14339,0,0
2025-09-22,Uluberia,Howrah,Bus,9685,0,0
2025-09-22,Howrah,Kolkata,Rail,14813,0,0
2025-09-22,Howrah,Kolkata,Bus,7258,0,0
2025-09-23,Kharagpur,Midnapore,Rail,12387,0,0
2025-09-23,Kharagpur,Midnapore,Bus,9314,0,0
2025-09-23,Midnapore,Uluberia,Rail,13325,0,0
2025-09-23,Midnapore,Uluberia,Bus,7035,0,0
2025-09-23,Uluberia,Howrah,Rail,13688,0,0
2025-09-23,Uluberia,Howrah,Bus,6312,0,0
2025-09-23,Howrah,Kolkata,Rail,14113,0,0
2025-09-23,Howrah,Kolkata,Bus,4909,0,0
2025-09-24,Kharagpur,Midnapore,Rail,11838,0,0
2025-09-24,Kharagpur,Midnapore,Bus,8689,0,0
2025-09-24,Midnapore,Uluberia,Rail,15052,0,0
2025-09-24,Midnapore,Uluberia,Bus,6558,0,0
2025-09-24,Uluberia,Howrah,Rail,14059,0,0
2025-09-24,Uluberia,Howrah,Bus,6675,0,0
2025-09-24,Howrah,Kolkata,Rail,13722,0,0
2025-09-24,Howrah,Kolkata,Bus,6457,0,0
2025-09-25,Kharagpur,Midnapore,Rail,12230,0,0
2025-09-25,Kharagpur,Midnapore,Bus,7969,0,0
2025-09-25,Midnapore,Uluberia,Rail,12553,0,0
2025-09-25,Midnapore,Uluberia,Bus,6430,0,0
2025-09-25,Uluberia,Howrah,Rail,12152,0,0
2025-09-25,Uluberia,Howrah,Bus,8643,0,0
2025-09-25,Howrah,Kolkata,Rail,15275,0,0
2025-09-25,Howrah,Kolkata,Bus,5767,0,0
2025-09-26,Kharagpur,Midnapore,Rail,11692,0,0
2025-09-26,Kharagpur,Midnapore,Bus,6983,0,0
2025-09-26,Midnapore,Uluberia,Rail,13956,0,0
2025-09-26,Midnapore,Uluberia,Bus,7245,0,0
2025-09-26,Uluberia,Howrah,Rail,12359,0,0
2025-09-26,Uluberia,Howrah,Bus,8484,0,0
2025-09-26,Howrah,Kolkata,Rail,14602,0,0
2025-09-26,Howrah,Kolkata,Bus,5882,0,0
2025-09-27,Kharagpur,Midnapore,Rail,10145,0,1
2025-09-27,Kharagpur,Midnapore,Bus,5955,0,1
2025-09-27,Midnapore,Uluberia,Rail,11571,0,1
2025-09-27,Midnapore,Uluberia,Bus,4731,0,1
2025-09-27,Uluberia,Howrah,Rail,12136,0,1
2025-09-27,Uluberia,Howrah,Bus,6829,0,1
2025-09-27,Howrah,Kolkata,Rail,12304,0,1
2025-09-27,Howrah,Kolkata,Bus,5667,0,1
2025-09-28,Kharagpur,Midnapore,Rail,10143,0,1
2025-09-28,Kharagpur,Midnapore,Bus,6620,0,1
2025-09-28,Midnapore,Uluberia,Rail,12265,0,1
2025-09-28,Midnapore,Uluberia,Bus,6027,0,1
2025-09-28,Uluberia,Howrah,Rail,10757,0,1
2025-09-28,Uluberia,Howrah,Bus,6330,0,1
2025-09-28,Howrah,Kolkata,Rail,12575,0,1
2025-09-28,Howrah,Kolkata,Bus,3999,0,1
2025-09-29,Kharagpur,Midnapore,Rail,11091,0,0
2025-09-29,Kharagpur,Midnapore,Bus,9312,0,0
2025-09-29,Midnapore,Uluberia,Rail,15151,0,0
2025-09-29,Midnapore,Uluberia,Bus,6306,0,0
2025-09-29,Uluberia,Howrah,Rail,13375,0,0
2025-09-29,Uluberia,Howrah,Bus,8299,0,0
2025-09-29,Howrah,Kolkata,Rail,17309,0,0
2025-09-29,Howrah,Kolkata,Bus,7373,0,0
2025-09-30,Kharagpur,Midnapore,Rail,11923,0,0
2025-09-30,Kharagpur,Midnapore,Bus,7083,0,0
2025-09-30,Midnapore,Uluberia,Rail,12875,0,0
2025-09-30,Midnapore,Uluberia,Bus,6659,0,0
2025-09-30,Uluberia,Howrah,Rail,12508,0,0
2025-09-30,Uluberia,Howrah,Bus,6635,0,0
2025-09-30,Howrah,Kolkata,Rail,14515,0,0
2025-09-30,Howrah,Kolkata,Bus,5656,0,0
2025-10-01,Kharagpur,Midnapore,Rail,13012,0,0
2025-10-01,Kharagpur,Midnapore,Bus,8846,0,0
2025-10-01,Midnapore,Uluberia,Rail,13994,0,0
2025-10-01,Midnapore,Uluberia,Bus,7654,0,0
2025-10-01,Uluberia,Howrah,Rail,13050,0,0
2025-10-01,Uluberia,Howrah,Bus,7173,0,0
2025-10-01,Howrah,Kolkata,Rail,16142,0,0
2025-10-01,Howrah,Kolkata,Bus,6920,0,0
2025-10-02,Kharagpur,Midnapore,Rail,20480,1,0
2025-10-02,Kharagpur,Midnapore,Bus,14071,1,0
2025-10-02,Midnapore,Uluberia,Rail,24097,1,0
2025-10-02,Midnapore,Uluberia,Bus,9759,1,0
2025-10-02,Uluberia,Howrah,Rail,24484,1,0
2025-10-02,Uluberia,Howrah,Bus,17699,1,0
2025-10-02,Howrah,Kolkata,Rail,25112,1,0
2025-10-02,Howrah,Kolkata,Bus,12490,1,0
2025-10-03,Kharagpur,Midnapore,Rail,11610,0,0
2025-10-03,Kharagpur,Midnapore,Bus,7532,0,0
2025-10-03,Midnapore,Uluberia,Rail,13585,0,0
2025-10-03,Midnapore,Uluberia,Bus,5826,0,0
2025-10-03,Uluberia,Howrah,Rail,13032,0,0
2025-10-03,Uluberia,Howrah,Bus,7202,0,0
2025-10-03,Howrah,Kolkata,Rail,15203,0,0
2025-10-03,Howrah,Kolkata,Bus,6461,0,0
2025-10-04,Kharagpur,Midnapore,Rail,10078,0,1
2025-10-04,Kharagpur,Midnapore,Bus,6059,0,1
2025-10-04,Midnapore,Uluberia,Rail,11557,0,1
2025-10-04,Midnapore,Uluberia,Bus,6026,0,1
2025-10-04,Uluberia,Howrah,Rail,11327,0,1
2025-10-04,Uluberia,Howrah,Bus,6002,0,1
2025-10-04,Howrah,Kolkata,Rail,12813,0,1
2025-10-04,Howrah,Kolkata,Bus,6023,0,1
2025-10-05,Kharagpur,Midnapore,Rail,19797,1,1
2025-10-05,Kharagpur,Midnapore,Bus,15339,1,1
2025-10-05,Midnapore,Uluberia,Rail,24365,1,1
2025-10-05,Midnapore,Uluberia,Bus,12501,1,1
2025-10-05,Uluberia,Howrah,Rail,22507,1,1
2025-10-05,Uluberia,Howrah,Bus,11281,1,1
2025-10-05,Howrah,Kolkata,Rail,24803,1,1
2025-10-05,Howrah,Kolkata,Bus,11768,1,1
2025-10-06,Kharagpur,Midnapore,Rail,12156,0,0
2025-10-06,Kharagpur,Midnapore,Bus,7132,0,0
2025-10-06,Midnapore,Uluberia,Rail,14447,0,0
2025-10-06,Midnapore,Uluberia,Bus,5204,0,0
2025-10-06,Uluberia,Howrah,Rail,12957,0,0
2025-10-06,Uluberia,Howrah,Bus,6837,0,0
2025-10-06,Howrah,Kolkata,Rail,14511,0,0
2025-10-06,Howrah,Kolkata,Bus,6537,0,0
2025-10-07,Kharagpur,Midnapore,Rail,11484,0,0
2025-10-07,Kharagpur,Midnapore,Bus,7631,0,0
2025-10-07,Midnapore,Uluberia,Rail,14704,0,0
2025-10-07,Midnapore,Uluberia,Bus,6050,0,0
2025-10-07,Uluberia,Howrah,Rail,13543,0,0
2025-10-07,Uluberia,Howrah,Bus,6915,0,0
2025-10-07,Howrah,Kolkata,Rail,15397,0,0
2025-10-07,Howrah,Kolkata,Bus,7624,0,0
2025-10-08,Kharagpur,Midnapore,Rail,10517,0,0
2025-10-08,Kharagpur,Midnapore,Bus,7235,0,0
2025-10-08,Midnapore,Uluberia,Rail,14404,0,0
2025-10-08,Midnapore,Uluberia,Bus,6342,0,0
2025-10-08,Uluberia,Howrah,Rail,13241,0,0
2025-10-08,Uluberia,Howrah,Bus,7420,0,0
2025-10-08,Howrah,Kolkata,Rail,15065,0,0
2025-10-08,Howrah,Kolkata,Bus,6379,0,0
2025-10-09,Kharagpur,Midnapore,Rail,12701,0,0
2025-10-09,Kharagpur,Midnapore,Bus,8244,0,0
2025-10-09,Midnapore,Uluberia,Rail,14236,0,0
2025-10-09,Midnapore,Uluberia,Bus,6179,0,0
2025-10-09,Uluberia,Howrah,Rail,12683,0,0
2025-10-09,Uluberia,Howrah,Bus,7585,0,0
2025-10-09,Howrah,Kolkata,Rail,15296,0,0
2025-10-09,Howrah,Kolkata,Bus,6172,0,0
2025-10-10,Kharagpur,Midnapore,Rail,12174,0,0
2025-10-10,Kharagpur,Midnapore,Bus,9992,0,0
2025-10-10,Midnapore,Uluberia,Rail,14610,0,0
2025-10-10,Midnapore,Uluberia,Bus,6246,0,0
2025-10-10,Uluberia,Howrah,Rail,13781,0,0
2025-10-10,Uluberia,Howrah,Bus,7608,0,0
2025-10-10,Howrah,Kolkata,Rail,13471,0,0
2025-10-10,Howrah,Kolkata,Bus,5714,0,0
2025-10-11,Kharagpur,Midnapore,Rail,9246,0,1
2025-10-11,Kharagpur,Midnapore,Bus,6513,0,1
2025-10-11,Midnapore,Uluberia,Rail,11911,0,1
2025-10-11,Midnapore,Uluberia,Bus,6636,0,1
2025-10-11,Uluberia,Howrah,Rail,11231,0,1
2025-10-11,Uluberia,Howrah,Bus,6621,0,1
2025-10-11,Howrah,Kolkata,Rail,13279,0,1
2025-10-11,Howrah,Kolkata,Bus,4059,0,1
2025-10-12,Kharagpur,Midnapore,Rail,10320,0,1
2025-10-12,Kharagpur,Midnapore,Bus,7429,0,1
2025-10-12,Midnapore,Uluberia,Rail,11020,0,1
2025-10-12,Midnapore,Uluberia,Bus,6283,0,1
2025-10-12,Uluberia,Howrah,Rail,11237,0,1
2025-10-12,Uluberia,Howrah,Bus,6461,0,1
2025-10-12,Howrah,Kolkata,Rail,13153,0,1
2025-10-12,Howrah,Kolkata,Bus,7030,0,1
2025-10-13,Kharagpur,Midnapore,Rail,12109,0,0
2025-10-13,Kharagpur,Midnapore,Bus,8238,0,0
2025-10-13,Midnapore,Uluberia,Rail,13678,0,0
2025-10-13,Midnapore,Uluberia,Bus,5837,0,0
2025-10-13,Uluberia,Howrah,Rail,13540,0,0
2025-10-13,Uluberia,Howrah,Bus,7178,0,0
2025-10-13,Howrah,Kolkata,Rail,15054,0,0
2025-10-13,Howrah,Kolkata,Bus,6127,0,0
2025-10-14,Kharagpur,Midnapore,Rail,12287,0,0
2025-10-14,Kharagpur,Midnapore,Bus,8320,0,0
2025-10-14,Midnapore,Uluberia,Rail,14726,0,0
2025-10-14,Midnapore,Uluberia,Bus,6102,0,0
2025-10-14,Uluberia,Howrah,Rail,12825,0,0
2025-10-14,Uluberia,Howrah,Bus,7060,0,0
2025-10-14,Howrah,Kolkata,Rail,14667,0,0
2025-10-14,Howrah,Kolkata,Bus,6794,0,0
2025-10-15,Kharagpur,Midnapore,Rail,12454,0,0
2025-10-15,Kharagpur,Midnapore,Bus,7115,0,0
2025-10-15,Midnapore,Uluberia,Rail,14609,0,0
2025-10-15,Midnapore,Uluberia,Bus,7557,0,0
2025-10-15,Uluberia,Howrah,Rail,13269,0,0
2025-10-15,Uluberia,Howrah,Bus,9802,0,0
2025-10-15,Howrah,Kolkata,Rail,14420,0,0
2025-10-15,Howrah,Kolkata,Bus,5529,0,0
2025-10-16,Kharagpur,Midnapore,Rail,10933,0,0
2025-10-16,Kharagpur,Midnapore,Bus,9436,0,0
2025-10-16,Midnapore,Uluberia,Rail,14458,0,0
2025-10-16,Midnapore,Uluberia,Bus,6457,0,0
2025-10-16,Uluberia,Howrah,Rail,13182,0,0
2025-10-16,Uluberia,Howrah,Bus,6920,0,0
2025-10-16,Howrah,Kolkata,Rail,16834,0,0
2025-10-16,Howrah,Kolkata,Bus,6601,0,0
2025-10-17,Kharagpur,Midnapore,Rail,12066,0,0
2025-10-17,Kharagpur,Midnapore,Bus,8697,0,0
2025-10-17,Midnapore,Uluberia,Rail,14337,0,0
2025-10-17,Midnapore,Uluberia,Bus,6675,0,0
2025-10-17,Uluberia,Howrah,Rail,12486,0,0
2025-10-17,Uluberia,Howrah,Bus,8453,0,0
2025-10-17,Howrah,Kolkata,Rail,16412,0,0
2025-10-17,Howrah,Kolkata,Bus,7549,0,0
2025-10-18,Kharagpur,Midnapore,Rail,11013,0,1
2025-10-18,Kharagpur,Midnapore,Bus,6383,0,1
2025-10-18,Midnapore,Uluberia,Rail,11311,0,1
2025-10-18,Midnapore,Uluberia,Bus,5442,0,1
2025-10-18,Uluberia,Howrah,Rail,11081,0,1
2025-10-18,Uluberia,Howrah,Bus,7693,0,1
2025-10-18,Howrah,Kolkata,Rail,11671,0,1
2025-10-18,Howrah,Kolkata,Bus,6539,0,1
2025-10-19,Kharagpur,Midnapore,Rail,10119,0,1
2025-10-19,Kharagpur,Midnapore,Bus,6452,0,1
2025-10-19,Midnapore,Uluberia,Rail,11298,0,1
2025-10-19,Midnapore,Uluberia,Bus,4428,0,1
2025-10-19,Uluberia,Howrah,Rail,11505,0,1
2025-10-19,Uluberia,Howrah,Bus,6860,0,1
2025-10-19,Howrah,Kolkata,Rail,11928,0,1
2025-10-19,Howrah,Kolkata,Bus,4666,0,1
2025-10-20,Kharagpur,Midnapore,Rail,21237,1,0
2025-10-20,Kharagpur,Midnapore,Bus,17284,1,0
2025-10-20,Midnapore,Uluberia,Rail,24873,1,0
2025-10-20,Midnapore,Uluberia,Bus,9590,1,0
2025-10-20,Uluberia,Howrah,Rail,23112,1,0
2025-10-20,Uluberia,Howrah,Bus,13929,1,0
2025-10-20,Howrah,Kolkata,Rail,23359,1,0
2025-10-20,Howrah,Kolkata,Bus,11624,1,0
2025-10-21,Kharagpur,Midnapore,Rail,11861,0,0
2025-10-21,Kharagpur,Midnapore,Bus,8668,0,0
2025-10-21,Midnapore,Uluberia,Rail,15294,0,0
2025-10-21,Midnapore,Uluberia,Bus,7379,0,0
2025-10-21,Uluberia,Howrah,Rail,12825,0,0
2025-10-21,Uluberia,Howrah,Bus,6938,0,0
2025-10-21,Howrah,Kolkata,Rail,16930,0,0
2025-10-21,Howrah,Kolkata,Bus,6546,0,0
2025-10-22,Kharagpur,Midnapore,Rail,12008,0,0
2025-10-22,Kharagpur,Midnapore,Bus,7977,0,0
2025-10-22,Midnapore,Uluberia,Rail,14139,0,0
2025-10-22,Midnapore,Uluberia,Bus,6387,0,0
2025-10-22,Uluberia,Howrah,Rail,12627,0,0
2025-10-22,Uluberia,Howrah,Bus,7475,0,0
2025-10-22,Howrah,Kolkata,Rail,14975,0,0
2025-10-22,Howrah,Kolkata,Bus,6076,0,0
2025-10-23,Kharagpur,Midnapore,Rail,11572,0,0
2025-10-23,Kharagpur,Midnapore,Bus,8102,0,0
2025-10-23,Midnapore,Uluberia,Rail,13822,0,0
2025-10-23,Midnapore,Uluberia,Bus,7673,0,0
2025-10-23,Uluberia,Howrah,Rail,11277,0,0
2025-10-23,Uluberia,Howrah,Bus,9048,0,0
2025-10-23,Howrah,Kolkata,Rail,15935,0,0
2025-10-23,Howrah,Kolkata,Bus,4883,0,0
2025-10-24,Kharagpur,Midnapore,Rail,11794,0,0
2025-10-24,Kharagpur,Midnapore,Bus,7643,0,0
2025-10-24,Midnapore,Uluberia,Rail,13015,0,0
2025-10-24,Midnapore,Uluberia,Bus,5893,0,0
2025-10-24,Uluberia,Howrah,Rail,12278,0,0
2025-10-24,Uluberia,Howrah,Bus,9682,0,0
2025-10-24,Howrah,Kolkata,Rail,15702,0,0
2025-10-24,Howrah,Kolkata,Bus,7492,0,0
2025-10-25,Kharagpur,Midnapore,Rail,10568,0,1
2025-10-25,Kharagpur,Midnapore,Bus,5879,0,1
2025-10-25,Midnapore,Uluberia,Rail,11588,0,1
2025-10-25,Midnapore,Uluberia,Bus,5849,0,1
2025-10-25,Uluberia,Howrah,Rail,10375,0,1
2025-10-25,Uluberia,Howrah,Bus,7382,0,1
2025-10-25,Howrah,Kolkata,Rail,12597,0,1
2025-10-25,Howrah,Kolkata,Bus,5276,0,1
2025-10-26,Kharagpur,Midnapore,Rail,10563,0,1
2025-10-26,Kharagpur,Midnapore,Bus,7163,0,1
2025-10-26,Midnapore,Uluberia,Rail,11685,0,1
2025-10-26,Midnapore,Uluberia,Bus,6294,0,1
2025-10-26,Uluberia,Howrah,Rail,10453,0,1
2025-10-26,Uluberia,Howrah,Bus,7303,0,1
2025-10-26,Howrah,Kolkata,Rail,13128,0,1
2025-10-26,Howrah,Kolkata,Bus,5320,0,1
2025-10-27,Kharagpur,Midnapore,Rail,12196,0,0
2025-10-27,Kharagpur,Midnapore,Bus,6799,0,0
2025-10-27,Midnapore,Uluberia,Rail,14647,0,0
2025-10-27,Midnapore,Uluberia,Bus,6356,0,0
2025-10-27,Uluberia,Howrah,Rail,12660,0,0
2025-10-27,Uluberia,Howrah,Bus,9007,0,0
2025-10-27,Howrah,Kolkata,Rail,14472,0,0
2025-10-27,Howrah,Kolkata,Bus,5401,0,0
2025-10-28,Kharagpur,Midnapore,Rail,11066,0,0
2025-10-28,Kharagpur,Midnapore,Bus,8582,0,0
2025-10-28,Midnapore,Uluberia,Rail,13104,0,0
2025-10-28,Midnapore,Uluberia,Bus,7869,0,0
2025-10-28,Uluberia,Howrah,Rail,11647,0,0
2025-10-28,Uluberia,Howrah,Bus,9629,0,0
2025-10-28,Howrah,Kolkata,Rail,15158,0,0
2025-10-28,Howrah,Kolkata,Bus,6425,0,0
2025-10-29,Kharagpur,Midnapore,Rail,11673,0,0
2025-10-29,Kharagpur,Midnapore,Bus,8383,0,0
2025-10-29,Midnapore,Uluberia,Rail,13974,0,0
2025-10-29,Midnapore,Uluberia,Bus,7361,0,0
2025-10-29,Uluberia,Howrah,Rail,13074,0,0
2025-10-29,Uluberia,Howrah,Bus,8144,0,0
2025-10-29,Howrah,Kolkata,Rail,14727,0,0
2025-10-29,Howrah,Kolkata,Bus,6456,0,0
